date,amount,category,note,type,account,payment_type
2021-02-02,-3.0,Parking,,Expenses,Cash,CASH
2021-02-15,-40.0,Fuel,,Expenses,Cash,CASH
2021-02-16,-35.0,"Wellness, beauty",,Expenses,Cash,CASH
2021-02-18,-20.0,Groceries,,Expenses,Cash,CASH
2021-02-20,-10.0,Groceries,,Expenses,Cash,CASH
2021-02-20,-30.0,"Alcohol, tobacco",,Expenses,Cash,CASH
2021-03-09,-12.0,Food & Drinks,,Expenses,Cash,CASH
2021-03-11,-117.0,Clothes & shoes,,Expenses,Cash,CASH
2021-03-12,-13.0,Food & Drinks,,Expenses,Cash,CASH
2021-03-12,-14.0,Groceries,,Expenses,Cash,CASH
2021-03-14,-13.0,Groceries,,Expenses,Cash,CASH
2021-03-20,-20.0,Food & Drinks,,Expenses,Cash,CASH
2021-03-28,-60.0,Fuel,,Expenses,Cash,CASH
2021-03-30,-50.0,Food & Drinks,,Expenses,Cash,CASH
2021-04-04,-25.0,Groceries,,Expenses,Cash,CASH
2021-04-06,-10.0,"Software, apps, games",,Expenses,Cash,CASH
2021-04-07,-10.0,Food & Drinks,,Expenses,Cash,CASH
2021-07-01,-600.0,"Holiday, trips, hotels",,Expenses,Cash,CASH
2021-07-01,-550.0,Rent,,Expenses,Cash,CASH
2021-07-13,-10.0,"Software, apps, games",,Expenses,Cash,CASH
2021-07-14,-30.0,Fuel,,Expenses,Cash,CASH
2021-07-19,-200.0,Free time,Палатки,Expenses,Cash,CASH
2021-07-22,-600.0,"Holiday, trips, hotels",,Expenses,Cash,CASH
2021-07-23,-96.0,Vehicle insurance,Винетка,Expenses,Cash,CASH
2021-07-25,-90.0,Fuel,,Expenses,Cash,CASH
2021-07-26,-200.0,Life events,,Expenses,Cash,CASH
2021-07-31,-967.0,Missing,,Expenses,Cash,CASH
2021-08-01,-550.0,Rent,,Expenses,Cash,CASH
2021-08-01,-200.0,Missing,,Expenses,Cash,CASH
2021-08-01,-60.0,"Energy, utilities",,Expenses,Cash,CASH
2021-08-01,-16.5,Food & Drinks,,Expenses,Cash,CASH
2021-08-01,-160.0,"Phone, cell phone",Сърбия Роуминг,Expenses,Cash,CASH
2021-08-02,-310.0,Clothes & shoes,,Expenses,Cash,CASH
2021-08-02,-10.0,"Software, apps, games",,Expenses,Cash,CASH
2021-08-16,-404.0,"Holiday, trips, hotels",Provance,Expenses,Cash,CASH
2021-08-18,-54.0,Food & Drinks,Leo's,Expenses,Cash,CASH
2021-08-19,-50.0,Groceries,,Expenses,Cash,CASH
2021-08-22,-189.0,Life events,ARTE Fest,Expenses,Cash,CASH
2021-08-24,-16.0,"Software, apps, games",bulshof,Expenses,Cash,CASH
2021-08-26,-30.0,Food & Drinks,,Expenses,Cash,CASH
2021-09-01,-7.0,Groceries,,Expenses,Cash,CASH
2021-11-01,-550.0,Rent,,Expenses,Cash,CASH
2021-11-01,-85.0,"Energy, utilities",,Expenses,Cash,CASH
2021-11-02,-7.0,Groceries,,Expenses,Cash,CASH
2021-11-05,-20.0,Groceries,,Expenses,Cash,CASH
2021-11-10,-10.0,"Software, apps, games",,Expenses,Cash,CASH
2021-11-11,-13.0,Food & Drinks,,Expenses,Cash,CASH
2021-11-12,-18.0,Food & Drinks,,Expenses,Cash,CASH
2021-12-01,-110.0,"Energy, utilities",,Expenses,Cash,CASH
2021-12-01,-550.0,Rent,,Expenses,Cash,CASH
2021-12-11,-6.5,"Holiday, trips, hotels",,Expenses,Cash,CASH
2021-12-11,-30.0,"Holiday, trips, hotels",,Expenses,Cash,CASH
2021-12-11,-16.0,"Holiday, trips, hotels",,Expenses,Cash,CASH
2021-12-11,-30.0,"Holiday, trips, hotels",,Expenses,Cash,CASH
2021-12-11,-10.0,"Holiday, trips, hotels",,Expenses,Cash,CASH
2021-12-15,-10.0,Food & Drinks,,Expenses,Cash,CASH
2021-12-15,-120.0,"Home, garden",,Expenses,Cash,CASH
2021-12-15,-20.0,"Charity, gifts",,Expenses,Cash,CASH
2021-12-15,-40.0,"Charity, gifts",postavka telefon,Expenses,Cash,CASH
2021-12-15,-15.0,"Charity, gifts",carter gift,Expenses,Cash,CASH
2021-12-15,-35.0,"Charity, gifts",,Expenses,Cash,CASH
2021-12-15,-47.0,"Drug-store, chemist",lilly,Expenses,Cash,CASH
2021-12-15,-20.0,"Charity, gifts",gabi rd,Expenses,Cash,CASH
2021-12-23,-50.0,Food & Drinks,,Expenses,Cash,CASH
2021-12-23,-32.0,Food & Drinks,,Expenses,Cash,CASH
2021-12-23,-42.0,Health and beauty,,Expenses,Cash,CASH
2021-12-31,-40.0,Life events,NG,Expenses,Cash,CASH
2022-01-04,17.0,Groceries,,Expenses,Cash,CASH
2022-01-07,-250.0,"Charity, gifts",Пепа РД,Expenses,Cash,CASH
2022-01-26,-60.0,Fuel,,Expenses,Cash,CASH
2022-01-28,-54.0,"Phone, cell phone",,Expenses,Cash,CASH
2022-01-28,-80.0,"Health care, doctor",,Expenses,Cash,CASH
2022-01-28,-8.0,"Bar, cafe",,Expenses,Cash,CASH
2022-01-28,-15.0,"Drug-store, chemist",,Expenses,Cash,CASH
2022-01-28,-190.0,Groceries,,Expenses,Cash,CASH
2022-01-29,-20.0,Food & Drinks,,Expenses,Cash,CASH
2022-01-29,-4.0,Food & Drinks,,Expenses,Cash,CASH
2022-01-29,-30.0,"Culture, sport events",Bowling,Expenses,Cash,CASH
2022-02-01,-5.0,Groceries,,Expenses,Cash,CASH
2022-02-01,-85.0,Groceries,,Expenses,Cash,CASH
2022-02-01,-10.0,"Software, apps, games",,Expenses,Cash,CASH
2022-02-01,-70.0,"Alcohol, tobacco",,Expenses,Cash,CASH
2022-02-06,-30.0,Vehicle maintenance,,Expenses,Cash,CASH
2022-02-18,-10.0,Food & Drinks,,Expenses,Cash,CASH
2022-02-20,-50.0,"Phone, cell phone",,Expenses,Cash,CASH
2022-02-26,-32.0,Food & Drinks,,Expenses,Cash,CASH
2022-02-28,-12.0,Food & Drinks,,Expenses,Cash,CASH
2022-02-28,-4.0,"Stationary, Tools",,Expenses,Cash,CASH
2022-03-01,-120.0,"Energy, utilities",,Expenses,Cash,CASH
2022-03-03,-550.0,Rent,,Expenses,Cash,CASH
2022-03-12,-6.0,Vehicle maintenance,,Expenses,Cash,CASH
2022-03-31,-100.0,"Books, audio, subscription",,Expenses,Cash,CASH
2022-04-01,-40.0,"Active sport, fitness",,Expenses,Cash,CASH
2022-04-01,-27.0,Food & Drinks,,Expenses,Cash,CASH
2022-04-03,-50.0,"Books, audio, subscription",,Expenses,Cash,CASH
2022-04-05,-40.0,"Alcohol, tobacco",,Expenses,Cash,CASH
2022-04-05,-30.0,Food & Drinks,,Expenses,Cash,CASH
2022-04-10,-60.0,Food & Drinks,,Expenses,Cash,CASH
2022-04-16,-155.0,"Holiday, trips, hotels",Provance- Tickets,Expenses,Cash,CASH
2022-04-16,-52.0,"Phone, cell phone",,Expenses,Cash,CASH
2022-04-17,-35.0,"Holiday, trips, hotels",Provance,Expenses,Cash,CASH
2022-04-17,-25.5,Food & Drinks,Provance,Expenses,Cash,CASH
2022-04-17,-21.5,Food & Drinks,Provance- Food,Expenses,Cash,CASH
2022-04-17,-20.0,"Holiday, trips, hotels",Provance- Tickets Busses,Expenses,Cash,CASH
2022-04-20,-21.0,"Holiday, trips, hotels",Provance,Expenses,Cash,CASH
2022-04-20,-23.0,"Alcohol, tobacco",Provance,Expenses,Cash,CASH
2022-04-20,-7.5,"Bar, cafe",Provance,Expenses,Cash,CASH
2022-04-20,-7.0,Food & Drinks,Provance,Expenses,Cash,CASH
2022-04-21,-31.0,"Bar, cafe",Provance,Expenses,Cash,CASH
2022-04-21,-33.0,Food & Drinks,Provance,Expenses,Cash,CASH
2022-04-21,-2.0,Food & Drinks,Provance,Expenses,Cash,CASH
2022-04-21,-36.0,Food & Drinks,Provance- Pepa,Expenses,Cash,CASH
2022-04-21,-76.0,"Books, audio, subscription",Provance,Expenses,Cash,CASH
2022-04-21,-40.0,"Holiday, trips, hotels",Provance,Expenses,Cash,CASH
2022-04-21,-32.0,"Holiday, trips, hotels",Provance,Expenses,Cash,CASH
2022-04-22,-15.0,Food & Drinks,Provance,Expenses,Cash,CASH
2022-04-22,-55.0,Groceries,Provance,Expenses,Cash,CASH
2022-04-22,-375.0,"Holiday, trips, hotels",Provance,Expenses,Cash,CASH
2022-04-22,-80.0,"Charity, gifts",,Expenses,Cash,CASH
2022-04-24,-92.0,Groceries,,Expenses,Cash,CASH
2022-04-25,-80.0,Fuel,,Expenses,Cash,CASH
2022-04-25,-50.0,Missing,,Expenses,Cash,CASH
2022-04-29,-17.0,Food & Drinks,,Expenses,Cash,CASH
2022-04-29,-16.0,Food & Drinks,,Expenses,Cash,CASH
2022-04-29,-20.0,"Charity, gifts",,Expenses,Cash,CASH
2022-04-29,-15.0,Food & Drinks,,Expenses,Cash,CASH
2022-05-01,-40.0,"Active sport, fitness",,Expenses,Cash,CASH
2022-05-05,-20.0,Vehicle maintenance,,Expenses,Cash,CASH
2022-05-08,-20.0,Groceries,,Expenses,Cash,CASH
2022-05-10,-32.0,Food & Drinks,,Expenses,Cash,CASH
2022-05-10,-17.0,Food & Drinks,,Expenses,Cash,CASH
2022-05-12,-8.0,Food & Drinks,,Expenses,Cash,CASH
2022-05-14,-30.0,Food & Drinks,,Expenses,Cash,CASH
2022-05-14,-15.0,"Culture, sport events",,Expenses,Cash,CASH
2022-05-15,-45.0,"Phone, cell phone",,Expenses,Cash,CASH
2022-05-18,-110.0,"Books, audio, subscription",,Expenses,Cash,CASH
2022-05-21,-10.0,"Alcohol, tobacco",,Expenses,Cash,CASH
2022-06-01,-4.0,Public Transport,,Expenses,Cash,CASH
2022-06-01,-40.0,"Active sport, fitness",,Expenses,Cash,CASH
2022-06-01,-10.0,"Software, apps, games",,Expenses,Cash,CASH
2022-06-19,-75.0,Fuel,,Expenses,Cash,CASH
2022-07-01,-50.0,"Alcohol, tobacco",,Expenses,Cash,CASH
2022-07-01,-40.0,"Active sport, fitness",,Expenses,Cash,CASH
2022-07-01,-97.0,Vehicle insurance,,Expenses,Cash,CASH
2022-07-01,-10.0,Vehicle insurance,,Expenses,Cash,CASH
2022-07-05,-26.0,Food & Drinks,,Expenses,Cash,CASH
2022-07-09,-17.0,Food & Drinks,,Expenses,Cash,CASH
2022-07-10,-50.0,Food & Drinks,,Expenses,Cash,CASH
2022-07-11,-7.0,Food & Drinks,,Expenses,Cash,CASH
2022-07-13,-20.0,Free time,,Expenses,Cash,CASH
2022-07-14,-60.0,"Charity, gifts",,Expenses,Cash,CASH
2022-07-16,-34.0,Food & Drinks,,Expenses,Cash,CASH
2022-07-18,-58.0,Food & Drinks,,Expenses,Cash,CASH
2022-07-19,-40.0,Food & Drinks,,Expenses,Cash,CASH
2022-07-20,-15.0,"Bar, cafe",,Expenses,Cash,CASH
2022-07-21,-30.0,Vehicle maintenance,,Expenses,Cash,CASH
2022-07-23,-120.0,"Books, audio, subscription",,Expenses,Cash,CASH
2022-07-23,-30.0,"Charity, gifts",,Expenses,Cash,CASH
2022-07-24,-40.0,Groceries,,Expenses,Cash,CASH
2022-07-24,-50.0,"Phone, cell phone",,Expenses,Cash,CASH
2022-07-26,-80.0,Life events,,Expenses,Cash,CASH
2022-07-26,-34.0,Life events,,Expenses,Cash,CASH
2022-07-26,-140.0,Life events,,Expenses,Cash,CASH
2022-07-26,-36.0,Life events,,Expenses,Cash,CASH
2022-07-26,-109.0,Life events,,Expenses,Cash,CASH
2022-07-26,-123.0,Life events,,Expenses,Cash,CASH
2022-07-26,-6.0,Food & Drinks,,Expenses,Cash,CASH
2022-07-27,-65.0,Fuel,,Expenses,Cash,CASH
2022-08-01,-96.0,"Energy, utilities",,Expenses,Cash,CASH
2022-08-01,-30.0,"Holiday, trips, hotels",,Expenses,Cash,CASH
2022-08-02,-65.0,Food & Drinks,,Expenses,Cash,CASH
2022-08-08,-200.0,"Holiday, trips, hotels",Нощувки,Expenses,Cash,CASH
2022-08-25,-40.0,Food & Drinks,,Expenses,Cash,CASH
2022-08-25,-210.0,Food & Drinks,,Expenses,Cash,CASH
2022-08-31,-64.0,Fuel,,Expenses,Cash,CASH
2022-09-01,-15.0,Groceries,,Expenses,Cash,CASH
2022-09-01,-20.0,Food & Drinks,,Expenses,Cash,CASH
2022-09-01,-30.0,"Wellness, beauty",,Expenses,Cash,CASH
2022-09-01,-80.0,"Energy, utilities",,Expenses,Cash,CASH
2022-09-01,-15.0,"Pets, animals",,Expenses,Cash,CASH
2022-09-01,-10.0,Groceries,,Expenses,Cash,CASH
2022-09-01,-18.0,Groceries,,Expenses,Cash,CASH
2022-09-01,-22.0,Food & Drinks,,Expenses,Cash,CASH
2022-09-01,-34.0,Groceries,,Expenses,Cash,CASH
2022-09-01,-50.0,Groceries,,Expenses,Cash,CASH
2022-09-01,-18.0,Food & Drinks,,Expenses,Cash,CASH
2022-09-01,-10.0,"Software, apps, games",,Expenses,Cash,CASH
2022-09-01,-19.0,Food & Drinks,,Expenses,Cash,CASH
2022-09-01,-22.0,Food & Drinks,,Expenses,Cash,CASH
2022-09-01,-22.0,"Bar, cafe",,Expenses,Cash,CASH
2022-09-01,-3.0,Food & Drinks,,Expenses,Cash,CASH
2022-09-01,-23.0,Food & Drinks,,Expenses,Cash,CASH
2022-09-01,-64.0,Fuel,,Expenses,Cash,CASH
2022-09-28,-80.0,"Charity, gifts",,Expenses,Cash,CASH
2022-10-05,-35.0,Food & Drinks,,Expenses,Cash,CASH
2022-10-07,-40.0,Food & Drinks,,Expenses,Cash,CASH
2022-10-08,-35.0,Food & Drinks,,Expenses,Cash,CASH
2022-10-08,-10.0,Food & Drinks,,Expenses,Cash,CASH
2022-10-08,-50.0,Food & Drinks,,Expenses,Cash,CASH
2022-10-08,-28.0,"Bar, cafe",,Expenses,Cash,CASH
2022-10-09,-71.0,Missing,,Expenses,Cash,CASH
2022-10-09,-35.0,Food & Drinks,,Expenses,Cash,CASH
2022-10-09,-197.0,Missing,,Expenses,Cash,CASH
2022-10-11,-25.0,Food & Drinks,,Expenses,Cash,CASH
2022-10-12,-197.0,Groceries,,Expenses,Cash,CASH
2022-10-12,-530.0,Vehicle maintenance,,Expenses,Cash,CASH
2022-10-18,-40.0,"Wellness, beauty",,Expenses,Cash,CASH
2022-10-23,-25.0,Food & Drinks,,Expenses,Cash,CASH
2022-10-23,-175.0,"Charity, gifts",,Expenses,Cash,CASH
2022-10-24,-35.0,"Electronics, accessories",,Expenses,Cash,CASH
2022-10-24,-35.0,"Electronics, accessories",,Expenses,Cash,CASH
2022-10-25,-35.0,"Pets, animals",,Expenses,Cash,CASH
2022-10-25,-1385.0,"Electronics, accessories",Pixel 7,Expenses,Cash,CASH
2022-10-25,-40.0,"Wellness, beauty",,Expenses,Cash,CASH
2022-10-25,-60.0,"Phone, cell phone",,Expenses,Cash,CASH
2022-10-25,-35.0,Groceries,,Expenses,Cash,CASH
2022-10-28,-125.0,Vehicle maintenance,,Expenses,Cash,CASH
2022-10-30,-10.0,Groceries,,Expenses,Cash,CASH
2022-11-01,-80.0,"Energy, utilities",,Expenses,Cash,CASH
2022-11-01,-40.0,Fuel,,Expenses,Cash,CASH
2022-11-01,-23.0,"Phone, cell phone",,Expenses,Cash,CASH
2022-11-01,-550.0,Rent,,Expenses,Cash,CASH
2022-11-01,-10.0,Groceries,,Expenses,Cash,CASH
2022-11-01,-10.0,"Software, apps, games",,Expenses,Cash,CASH
2022-11-01,-120.0,"Books, audio, subscription",,Expenses,Cash,CASH
2022-11-03,-12.0,Food & Drinks,,Expenses,Cash,CASH
2022-11-03,-12.0,Food & Drinks,,Expenses,Cash,CASH
2022-11-03,-32.0,Food & Drinks,,Expenses,Cash,CASH
2022-11-04,-30.0,Food & Drinks,,Expenses,Cash,CASH
2022-11-05,-40.0,Food & Drinks,,Expenses,Cash,CASH
2022-11-10,-97.5,"Holiday, trips, hotels",,Expenses,Cash,CASH
2022-11-10,-143.0,"Holiday, trips, hotels",Cash from Tobacco,Expenses,Cash,CASH
2022-11-10,-244.5,"Holiday, trips, hotels",,Expenses,Cash,CASH
2022-11-11,-27.5,"Holiday, trips, hotels",Food,Expenses,Cash,CASH
2022-11-12,-110.0,"Holiday, trips, hotels",Salt Mine,Expenses,Cash,CASH
2022-11-12,-44.0,"Holiday, trips, hotels",Food,Expenses,Cash,CASH
2022-11-12,-2.5,"Holiday, trips, hotels",,Expenses,Cash,CASH
2022-11-12,-12.0,"Holiday, trips, hotels",,Expenses,Cash,CASH
2022-11-12,-100.5,"Holiday, trips, hotels",Food,Expenses,Cash,CASH
2022-11-12,-27.0,"Holiday, trips, hotels",,Expenses,Cash,CASH
2022-11-12,-7.0,"Holiday, trips, hotels",,Expenses,Cash,CASH
2022-11-12,-11.0,"Holiday, trips, hotels",,Expenses,Cash,CASH
2022-11-14,-5.0,"Holiday, trips, hotels",,Expenses,Cash,CASH
2022-11-14,-9.0,"Holiday, trips, hotels",,Expenses,Cash,CASH
2022-11-14,-8.5,"Holiday, trips, hotels",,Expenses,Cash,CASH
2022-11-14,-29.0,Clothes & shoes,,Expenses,Cash,CASH
2022-11-14,-82.0,"Books, audio, subscription",Vinyl,Expenses,Cash,CASH
2022-11-14,-82.0,Clothes & shoes,,Expenses,Cash,CASH
2022-11-14,-30.0,"Holiday, trips, hotels",,Expenses,Cash,CASH
2022-11-15,-5.5,"Holiday, trips, hotels",,Expenses,Cash,CASH
2022-11-15,-7.0,"Holiday, trips, hotels",,Expenses,Cash,CASH
2022-11-15,-10.0,"Holiday, trips, hotels",,Expenses,Cash,CASH
2022-11-15,-29.5,"Holiday, trips, hotels",,Expenses,Cash,CASH
2022-11-15,-7.5,"Holiday, trips, hotels",,Expenses,Cash,CASH
2022-11-16,-2.0,"Holiday, trips, hotels",,Expenses,Cash,CASH
2022-11-16,-5.5,"Holiday, trips, hotels",,Expenses,Cash,CASH
2022-11-16,-4.5,"Holiday, trips, hotels",,Expenses,Cash,CASH
2022-11-17,-18.0,Food & Drinks,,Expenses,Cash,CASH
2022-11-17,-25.0,Food & Drinks,,Expenses,Cash,CASH
2022-11-18,-160.0,Groceries,,Expenses,Cash,CASH
2022-11-18,-184.0,Clothes & shoes,,Expenses,Cash,CASH
2022-11-19,-10.0,Food & Drinks,,Expenses,Cash,CASH
2022-11-19,-22.0,Groceries,,Expenses,Cash,CASH
2022-11-19,-20.0,Fuel,,Expenses,Cash,CASH
2022-11-21,-73.0,Fuel,,Expenses,Cash,CASH
2022-11-21,-20.0,Fuel,,Expenses,Cash,CASH
2022-11-22,-70.0,"Home, garden",,Expenses,Cash,CASH
2022-11-26,-78.0,"Pets, animals",,Expenses,Cash,CASH
2022-11-26,-24.0,"Bar, cafe",,Expenses,Cash,CASH
2022-11-26,-15.0,Food & Drinks,,Expenses,Cash,CASH
2022-11-26,-170.0,"Books, audio, subscription",,Expenses,Cash,CASH
2022-11-26,-140.0,Clothes & shoes,,Expenses,Cash,CASH
2022-11-27,-12.0,Food & Drinks,,Expenses,Cash,CASH
2022-11-27,-16.0,"Charity, gifts",,Expenses,Cash,CASH
2022-12-01,-550.0,Rent,,Expenses,Cash,CASH
2022-12-01,-10.0,"Software, apps, games",,Expenses,Cash,CASH
2022-12-01,-180.0,"Energy, utilities",,Expenses,Cash,CASH
2022-12-03,-75.0,Fuel,,Expenses,Cash,CASH
2022-12-04,-10.0,Food & Drinks,,Expenses,Cash,CASH
2022-12-04,-10.0,Food & Drinks,,Expenses,Cash,CASH
2022-12-04,-20.0,Food & Drinks,,Expenses,Cash,CASH
2022-12-04,-10.0,Food & Drinks,,Expenses,Cash,CASH
2022-12-04,-10.0,Food & Drinks,,Expenses,Cash,CASH
2022-12-06,-37.0,"Phone, cell phone",,Expenses,Cash,CASH
2022-12-06,-150.0,Groceries,,Expenses,Cash,CASH
2022-12-07,-16.0,Food & Drinks,,Expenses,Cash,CASH
2022-12-10,-30.0,"Phone, cell phone",,Expenses,Cash,CASH
2022-12-10,-148.0,Missing,,Expenses,Cash,CASH
2022-12-10,-10.0,Groceries,,Expenses,Cash,CASH
2022-12-10,-20.0,Food & Drinks,,Expenses,Cash,CASH
2022-12-11,-40.0,Groceries,,Expenses,Cash,CASH
2022-12-13,-118.0,"Holiday, trips, hotels",,Expenses,Cash,CASH
2022-12-16,-32.0,Food & Drinks,,Expenses,Cash,CASH
2022-12-17,-70.0,Fuel,,Expenses,Cash,CASH
2022-12-18,-20.0,"Charity, gifts",,Expenses,Cash,CASH
2022-12-18,-20.0,Food & Drinks,,Expenses,Cash,CASH
2022-12-18,-40.0,Groceries,,Expenses,Cash,CASH
2022-12-20,-53.0,Fuel,,Expenses,Cash,CASH
2022-12-20,-190.0,"Charity, gifts",,Expenses,Cash,CASH
2022-12-21,-40.0,Food & Drinks,,Expenses,Cash,CASH
2022-12-22,-20.0,Groceries,,Expenses,Cash,CASH
2022-12-23,-30.0,"Charity, gifts",,Expenses,Cash,CASH
2022-12-29,-30.0,Food & Drinks,,Expenses,Cash,CASH
2022-12-29,-50.0,Groceries,,Expenses,Cash,CASH
2022-12-29,-117.0,Fuel,,Expenses,Cash,CASH
2022-12-29,-60.0,"Charity, gifts",,Expenses,Cash,CASH
2022-12-29,-100.0,"Active sport, fitness",,Expenses,Cash,CASH
2023-01-01,-120.0,"Energy, utilities",,Expenses,Cash,CASH
2023-01-01,-550.0,Rent,,Expenses,Cash,CASH
2023-01-02,-26.0,"Holiday, trips, hotels",,Expenses,Cash,CASH
2023-01-02,-50.0,"Drug-store, chemist",,Expenses,Cash,CASH
2023-01-03,-140.0,"Books, audio, subscription",,Expenses,Cash,CASH
2023-01-03,-20.0,"Alcohol, tobacco",,Expenses,Cash,CASH
2023-01-05,-10.0,"Software, apps, games",,Expenses,Cash,CASH
2023-01-07,-180.0,"Charity, gifts",,Expenses,Cash,CASH
2023-01-08,-65.0,"Active sport, fitness",pluvane gear,Expenses,Cash,CASH
2023-01-09,-64.0,Food & Drinks,,Expenses,Cash,CASH
2023-01-10,-30.0,Food & Drinks,,Expenses,Cash,CASH
2023-01-10,-40.0,Food & Drinks,,Expenses,Cash,CASH
2023-01-13,-15.0,Food & Drinks,,Expenses,Cash,CASH
2023-01-14,-25.0,"Bar, cafe",,Expenses,Cash,CASH
2023-01-15,-100.0,Transportation,x2 Burgas - 2x20,Expenses,Cash,CASH
2023-01-16,-60.0,Fuel,,Expenses,Cash,CASH
2023-01-18,-100.0,"Electronics, accessories",neustoika pixel phone,Expenses,Cash,CASH
2023-01-18,-10.0,Vehicle maintenance,headlight,Expenses,Cash,CASH
2023-01-18,-55.0,"Books, audio, subscription",Koleda,Expenses,Cash,CASH
2023-01-22,-26.0,Food & Drinks,,Expenses,Cash,CASH
2023-01-22,-93.0,"Holiday, trips, hotels",Train,Expenses,Cash,CASH
2023-01-22,-98.0,"Books, audio, subscription",,Expenses,Cash,CASH
2023-01-23,-30.0,Groceries,,Expenses,Cash,CASH
2023-01-23,-25.0,"Holiday, trips, hotels",,Expenses,Cash,CASH
2023-01-23,-120.0,"Holiday, trips, hotels",Stayokay,Expenses,Cash,CASH
2023-01-23,-19.0,"Holiday, trips, hotels",Ams-Ut,Expenses,Cash,CASH
2023-01-23,-44.0,"Holiday, trips, hotels",,Expenses,Cash,CASH
2023-01-23,-44.0,Food & Drinks,,Expenses,Cash,CASH
2023-01-23,-12.0,Food & Drinks,,Expenses,Cash,CASH
2023-01-23,-24.0,Transportation,Bus to practice,Expenses,Cash,CASH
2023-01-23,-8.0,"Bar, cafe",,Expenses,Cash,CASH
2023-01-23,-8.0,Food & Drinks,,Expenses,Cash,CASH
2023-01-23,-55.0,"Books, audio, subscription",,Expenses,Cash,CASH
2023-01-23,-17.0,Food & Drinks,,Expenses,Cash,CASH
2023-01-23,-32.0,"Bar, cafe",,Expenses,Cash,CASH
2023-01-23,-8.0,"Bar, cafe",,Expenses,Cash,CASH
2023-01-23,-25.0,"Books, audio, subscription",,Expenses,Cash,CASH
2023-01-23,-50.0,"Alcohol, tobacco",In total,Expenses,Cash,CASH
2023-01-23,-7.0,"Holiday, trips, hotels",,Expenses,Cash,CASH
2023-01-23,-30.0,Food & Drinks,,Expenses,Cash,CASH
2023-01-23,-69.0,"Charity, gifts",,Expenses,Cash,CASH
2023-01-23,-15.0,"Holiday, trips, hotels",,Expenses,Cash,CASH
2023-01-27,-15.0,Food & Drinks,,Expenses,Cash,CASH
2023-01-27,-15.0,"Pets, animals",,Expenses,Cash,CASH
2023-01-27,-27.0,Food & Drinks,,Expenses,Cash,CASH
2023-01-28,-14.0,Food & Drinks,,Expenses,Cash,CASH
2023-01-30,-10.0,"Pets, animals",,Expenses,Cash,CASH
2023-02-01,-10.0,"Software, apps, games",,Expenses,Cash,CASH
2023-02-01,-160.0,"Energy, utilities",,Expenses,Cash,CASH
2023-02-01,-35.0,Food & Drinks,,Expenses,Cash,CASH
2023-02-01,-550.0,Rent,,Expenses,Cash,CASH
2023-02-01,-5.0,Groceries,,Expenses,Cash,CASH
2023-02-03,-49.66,Missing,,Expenses,Cash,CASH
2023-02-03,-80.0,"Bar, cafe",,Expenses,Cash,CASH
2023-02-03,-13.0,Food & Drinks,,Expenses,Cash,CASH
2023-02-03,-20.0,"Culture, sport events",Party,Expenses,Cash,CASH
2023-02-04,-16.0,Food & Drinks,,Expenses,Cash,CASH
2023-02-04,-61.0,Groceries,-123,Expenses,Cash,CASH
2023-02-05,-25.0,"Culture, sport events",,Expenses,Cash,CASH
2023-02-05,-25.0,Groceries,,Expenses,Cash,CASH
2023-02-05,-14.0,Food & Drinks,,Expenses,Cash,CASH
2023-02-07,-230.0,Vehicle Insurance,данък,Expenses,Cash,CASH
2023-02-08,-35.0,"Phone, cell phone",,Expenses,Cash,CASH
2023-02-09,-82.0,,,Expenses,Cash,CASH
2023-02-10,,"Health care, doctor",150 Dentist,Expenses,Cash,CASH
2023-02-10,-66.0,Groceries,,Expenses,Cash,CASH
2023-02-11,-8.0,"Bar, cafe",,Expenses,Cash,CASH
2023-02-11,-90.0,Clothes & shoes,ochila,Expenses,Cash,CASH
2023-02-11,-13.0,Groceries,,Expenses,Cash,CASH
2023-02-11,-70.0,Fuel,,Expenses,Cash,CASH
2023-02-13,-50.0,Fines,,Expenses,Cash,CASH
2023-02-13,-130.0,"Holiday, trips, hotels",,Expenses,Cash,CASH
2023-02-13,-21.0,Food & Drinks,,Expenses,Cash,CASH
2023-02-14,-14.0,Food & Drinks,,Expenses,Cash,CASH
2023-02-14,-11.0,Groceries,,Expenses,Cash,CASH
2023-02-18,-17.0,Groceries,,Expenses,Cash,CASH
2023-02-20,-15.0,"Bar, cafe",,Expenses,Cash,CASH
2023-02-20,-7.0,Groceries,,Expenses,Cash,CASH
2023-02-24,-100.0,Fuel,,Expenses,Cash,CASH
2023-02-24,-20.0,"Charity, gifts",,Expenses,Cash,CASH
2023-02-24,-23.0,Groceries,,Expenses,Cash,CASH
2023-02-24,-60.0,Food & Drinks,,Expenses,Cash,CASH
2023-02-27,-20.0,"Health care, doctor",,Expenses,Cash,CASH
2023-02-27,-30.0,Food & Drinks,,Expenses,Cash,CASH
2023-03-01,-50.0,,,Expenses,Cash,CASH
2023-03-01,-550.0,Rent,,Expenses,Cash,CASH
2023-03-01,-105.0,"Energy, utilities",,Expenses,Cash,CASH
2023-03-01,-10.0,"Software, apps, games",,Expenses,Cash,CASH
2023-03-01,-26.0,"Phone, cell phone",,Expenses,Cash,CASH
2023-03-01,-10.0,"Culture, sport events",,Expenses,Cash,CASH
2023-03-02,-58.0,Food & Drinks,,Expenses,Cash,CASH
2023-03-04,-11.0,Food & Drinks,,Expenses,Cash,CASH
2023-03-04,-42.0,Food & Drinks,,Expenses,Cash,CASH
2023-03-04,-28.0,"Pets, animals",,Expenses,Cash,CASH
2023-03-06,-55.0,"Bar, cafe",,Expenses,Cash,CASH
2023-03-06,-31.0,Food & Drinks,,Expenses,Cash,CASH
2023-03-06,-35.0,Food & Drinks,,Expenses,Cash,CASH
2023-03-06,-60.0,Fuel,,Expenses,Cash,CASH
2023-03-06,-6.0,Food & Drinks,,Expenses,Cash,CASH
2023-03-08,-72.0,Food & Drinks,,Expenses,Cash,CASH
2023-03-08,-76.0,"Gifts, joy",,Expenses,Cash,CASH
2023-03-08,-51.0,Food & Drinks,,Expenses,Cash,CASH
2023-03-09,-190.0,Clothes & shoes,,Expenses,Cash,CASH
2023-03-10,-20.0,Groceries,,Expenses,Cash,CASH
2023-03-11,-24.0,Food & Drinks,,Expenses,Cash,CASH
2023-03-12,-135.0,"Holiday, trips, hotels",,Expenses,Cash,CASH
2023-03-13,-50.0,"Holiday, trips, hotels",,Expenses,Cash,CASH
2023-03-13,-62.0,"Holiday, trips, hotels",,Expenses,Cash,CASH
2023-03-14,-43.0,"Holiday, trips, hotels",,Expenses,Cash,CASH
2023-03-15,-100.0,"Holiday, trips, hotels",,Expenses,Cash,CASH
2023-03-16,-16.0,"Holiday, trips, hotels",,Expenses,Cash,CASH
2023-03-16,-200.0,"Holiday, trips, hotels",,Expenses,Cash,CASH
2023-03-16,-100.0,"Holiday, trips, hotels",,Expenses,Cash,CASH
2023-03-16,-7.0,"Holiday, trips, hotels",,Expenses,Cash,CASH
2023-03-18,-20.0,"Active sport, fitness",,Expenses,Cash,CASH
2023-03-20,-21.0,Fuel,,Expenses,Cash,CASH
2023-03-23,-16.0,"Wellness, beauty",,Expenses,Cash,CASH
2023-03-24,-30.0,"Bar, cafe",,Expenses,Cash,CASH
2023-03-25,-27.0,"Phone, cell phone",,Expenses,Cash,CASH
2023-03-26,-8.0,"Bar, cafe",,Expenses,Cash,CASH
2023-03-26,-100.0,Food & Drinks,,Expenses,Cash,CASH
2023-03-26,-12.0,Food & Drinks,,Expenses,Cash,CASH
2023-03-26,-16.0,Food & Drinks,,Expenses,Cash,CASH
2023-03-26,-15.0,Groceries,,Expenses,Cash,CASH
2023-03-27,-23.0,"Culture, sport events",,Expenses,Cash,CASH
2023-03-27,-30.0,"Holiday, trips, hotels",,Expenses,Cash,CASH
2023-03-27,-10.0,Groceries,,Expenses,Cash,CASH
2023-03-27,-30.0,Food & Drinks,,Expenses,Cash,CASH
2023-03-27,-20.0,Food & Drinks,,Expenses,Cash,CASH
2023-03-31,-20.0,Food & Drinks,,Expenses,Cash,CASH
2023-03-31,-53.0,Food & Drinks,,Expenses,Cash,CASH
2023-04-01,-100.0,"Energy, utilities",,Expenses,Cash,CASH
2023-04-01,-111.0,Fuel,,Expenses,Cash,CASH
2023-04-01,-550.0,Rent,,Expenses,Cash,CASH
2023-04-01,-37.0,Groceries,,Expenses,Cash,CASH
2023-04-01,-66.0,Fuel,,Expenses,Cash,CASH
2023-04-01,-10.0,"Software, apps, games",,Expenses,Cash,CASH
2023-04-02,-28.0,Groceries,,Expenses,Cash,CASH
2023-04-03,-11.0,Food & Drinks,,Expenses,Cash,CASH
2023-04-03,-34.0,Food & Drinks,,Expenses,Cash,CASH
2023-04-03,-27.0,"Alcohol, tobacco",,Expenses,Cash,CASH
2023-04-03,-11.0,Food & Drinks,,Expenses,Cash,CASH
2023-04-04,-15.0,Food & Drinks,,Expenses,Cash,CASH
2023-04-04,-35.0,Food & Drinks,,Expenses,Cash,CASH
2023-04-05,-47.0,Groceries,,Expenses,Cash,CASH
2023-04-06,-33.0,Food & Drinks,,Expenses,Cash,CASH
2023-04-07,-20.0,Food & Drinks,,Expenses,Cash,CASH
2023-04-07,-30.0,"Culture, sport events",,Expenses,Cash,CASH
2023-04-08,-2.0,Transportation,,Expenses,Cash,CASH
2023-04-08,-6.0,"Bar, cafe",,Expenses,Cash,CASH
2023-04-09,-9.0,Food & Drinks,,Expenses,Cash,CASH
2023-04-09,-30.0,"Bar, cafe",,Expenses,Cash,CASH
2023-04-10,-15.0,Food & Drinks,,Expenses,Cash,CASH
2023-04-10,-70.0,Fuel,,Expenses,Cash,CASH
2023-04-13,-79.0,Fuel,,Expenses,Cash,CASH
2023-04-13,-10.0,"Culture, sport events",,Expenses,Cash,CASH
2023-04-13,-40.0,Food & Drinks,,Expenses,Cash,CASH
2023-04-13,-8.0,"Bar, cafe",,Expenses,Cash,CASH
2023-04-13,-10.0,"Pets, animals",,Expenses,Cash,CASH
2023-04-14,-50.0,"Holiday, trips, hotels",,Expenses,Cash,CASH
2023-04-14,-95.0,"Holiday, trips, hotels",,Expenses,Cash,CASH
2023-04-16,-140.0,"Charity, gifts",,Expenses,Cash,CASH
2023-04-17,-85.0,Groceries,,Expenses,Cash,CASH
2023-04-18,-15.0,Food & Drinks,,Expenses,Cash,CASH
2023-04-18,-21.0,"Active sport, fitness",,Expenses,Cash,CASH
2023-04-19,-40.0,"Charity, gifts",,Expenses,Cash,CASH
2023-04-19,-27.0,Groceries,,Expenses,Cash,CASH
2023-04-20,-15.0,Food & Drinks,,Expenses,Cash,CASH
2023-04-21,-30.0,"Pets, animals",,Expenses,Cash,CASH
2023-04-22,-56.0,"Holiday, trips, hotels",,Expenses,Cash,CASH
2023-04-22,-90.0,Fuel,,Expenses,Cash,CASH
2023-04-22,-35.0,"Phone, cell phone",,Expenses,Cash,CASH
2023-04-23,-50.0,Food & Drinks,,Expenses,Cash,CASH
2023-04-23,-28.0,"Bar, cafe",,Expenses,Cash,CASH
2023-04-23,,"Health care, doctor",,Expenses,Cash,CASH
2023-04-23,-5.0,Transportation,,Expenses,Cash,CASH
2023-04-23,-25.0,Groceries,,Expenses,Cash,CASH
2023-04-30,-70.0,Child Support,,Expenses,Cash,CASH
2023-04-30,-98.0,Fuel,,Expenses,Cash,CASH
2023-04-30,-60.0,"Home, garden",,Expenses,Cash,CASH
2023-05-01,-60.0,"Energy, utilities",,Expenses,Cash,CASH
2023-05-01,-550.0,Rent,,Expenses,Cash,CASH
2023-05-01,-4.0,Parking,,Expenses,Cash,CASH
2023-05-01,-60.0,"Home, garden",,Expenses,Cash,CASH
2023-05-01,-40.0,Food & Drinks,,Expenses,Cash,CASH
2023-05-02,-9.0,"Software, apps, games",,Expenses,Cash,CASH
2023-05-03,-82.0,Groceries,,Expenses,Cash,CASH
2023-05-05,-59.0,Fuel,,Expenses,Cash,CASH
2023-05-07,-100.0,"Alcohol, tobacco",,Expenses,Cash,CASH
2023-05-10,-37.0,Food & Drinks,,Expenses,Cash,CASH
2023-05-10,-12.0,"Pets, animals",,Expenses,Cash,CASH
2023-05-10,-15.0,Food & Drinks,,Expenses,Cash,CASH
2023-05-10,-7.0,Taxi,,Expenses,Cash,CASH
2023-05-11,-5.0,Groceries,,Expenses,Cash,CASH
2023-05-11,-11.0,Food & Drinks,,Expenses,Cash,CASH
2023-05-13,-35.0,Health and beauty,,Expenses,Cash,CASH
2023-05-13,-8.0,Groceries,,Expenses,Cash,CASH
2023-05-13,-20.0,Food & Drinks,,Expenses,Cash,CASH
2023-05-13,-350.0,Clothes & shoes,,Expenses,Cash,CASH
2023-05-13,-165.0,Food & Drinks,,Expenses,Cash,CASH
2023-05-13,-20.0,"Books, audio, subscription",,Expenses,Cash,CASH
2023-05-13,-7.0,"Bar, cafe",,Expenses,Cash,CASH
2023-05-13,-16.0,"Bar, cafe",,Expenses,Cash,CASH
2023-05-13,-50.0,Food & Drinks,,Expenses,Cash,CASH
2023-05-13,-12.0,Food & Drinks,,Expenses,Cash,CASH
2023-05-14,-8.0,Food & Drinks,,Expenses,Cash,CASH
2023-05-14,-23.0,Food & Drinks,,Expenses,Cash,CASH
2023-05-15,-12.0,"Stationary, Tools",,Expenses,Cash,CASH
2023-05-15,-15.0,Food & Drinks,,Expenses,Cash,CASH
2023-05-15,-45.0,Groceries,,Expenses,Cash,CASH
2023-05-15,-15.0,Food & Drinks,,Expenses,Cash,CASH
2023-05-15,-14.0,"Bar, cafe",,Expenses,Cash,CASH
2023-05-15,-2.0,Transportation,,Expenses,Cash,CASH
2023-05-15,-35.0,Health and beauty,,Expenses,Cash,CASH
2023-05-15,-13.0,"Bar, cafe",,Expenses,Cash,CASH
2023-05-15,-31.0,Food & Drinks,,Expenses,Cash,CASH
2023-05-16,-22.0,Fines,,Expenses,Cash,CASH
2023-05-16,-65.0,"Holiday, trips, hotels",,Expenses,Cash,CASH
2023-05-16,-30.0,"Alcohol, tobacco",,Expenses,Cash,CASH
2023-05-17,-112.0,"Pets, animals",,Expenses,Cash,CASH
2023-05-17,-69.0,Fuel,,Expenses,Cash,CASH
2023-05-17,-60.0,Food & Drinks,,Expenses,Cash,CASH
2023-05-18,-15.0,Food & Drinks,,Expenses,Cash,CASH
2023-05-18,-10.0,"Stationary, Tools",,Expenses,Cash,CASH
2023-05-20,-42.0,Food & Drinks,,Expenses,Cash,CASH
2023-05-20,-97.0,Fuel,,Expenses,Cash,CASH
2023-05-21,-36.0,"Phone, cell phone",,Expenses,Cash,CASH
2023-05-21,-15.0,Groceries,,Expenses,Cash,CASH
2023-05-23,-46.0,Groceries,,Expenses,Cash,CASH
2023-05-24,-63.0,"Holiday, trips, hotels",,Expenses,Cash,CASH
2023-05-26,-2.0,Transportation,,Expenses,Cash,CASH
2023-05-27,-29.0,"Culture, sport events",,Expenses,Cash,CASH
2023-05-27,-13.0,Food & Drinks,,Expenses,Cash,CASH
2023-05-27,-27.0,Food & Drinks,,Expenses,Cash,CASH
2023-05-28,-53.0,Fuel,,Expenses,Cash,CASH
2023-05-28,-194.0,Child Support,,Expenses,Cash,CASH
2023-05-29,-8.0,Groceries,,Expenses,Cash,CASH
2023-05-29,-64.0,Food & Drinks,,Expenses,Cash,CASH
2023-05-29,-18.0,Food & Drinks,,Expenses,Cash,CASH
2023-05-29,-15.0,Groceries,,Expenses,Cash,CASH
2023-05-29,-31.0,Food & Drinks,,Expenses,Cash,CASH
2023-06-01,-550.0,Rent,,Expenses,Cash,CASH
2023-06-01,-80.0,"Active sport, fitness",Pepa,Expenses,Cash,CASH
2023-06-01,-30.0,"Active sport, fitness",,Expenses,Cash,CASH
2023-06-01,-60.0,"Energy, utilities",,Expenses,Cash,CASH
2023-06-01,-60.0,"Software, apps, games",,Expenses,Cash,CASH
2023-06-01,-58.0,Food & Drinks,,Expenses,Cash,CASH
2023-06-02,-9.0,"Software, apps, games",,Expenses,Cash,CASH
2023-06-03,-30.0,"Gifts, joy",,Expenses,Cash,CASH
2023-06-06,-14.0,Food & Drinks,,Expenses,Cash,CASH
2023-06-06,-98.0,Fuel,,Expenses,Cash,CASH
2023-06-07,-11.0,Food & Drinks,,Expenses,Cash,CASH
2023-06-11,-50.0,Food & Drinks,,Expenses,Cash,CASH
2023-06-11,-7.0,Groceries,,Expenses,Cash,CASH
2023-06-12,-15.0,Food & Drinks,,Expenses,Cash,CASH
2023-06-13,-22.0,Food & Drinks,,Expenses,Cash,CASH
2023-06-13,-6.0,"Pets, animals",,Expenses,Cash,CASH
2023-06-14,-37.0,Food & Drinks,,Expenses,Cash,CASH
2023-06-15,-18.0,Food & Drinks,,Expenses,Cash,CASH
2023-06-15,-35.0,"Wellness, beauty",,Expenses,Cash,CASH
2023-06-16,-17.0,"Drug-store, chemist",,Expenses,Cash,CASH
2023-06-16,-20.0,Groceries,,Expenses,Cash,CASH
2023-06-19,-77.0,"Books, audio, subscription",,Expenses,Cash,CASH
2023-07-01,-65.0,"Energy, utilities",,Expenses,Cash,CASH
2023-07-01,-20.0,Public Transport,,Expenses,Cash,CASH
2023-07-01,-550.0,Rent,,Expenses,Cash,CASH
2023-07-01,-60.0,"Software, apps, games",,Expenses,Cash,CASH
2023-07-01,-30.0,"Active sport, fitness",,Expenses,Cash,CASH
2023-07-01,-80.0,"Active sport, fitness",Pepa,Expenses,Cash,CASH
2023-07-06,-100.0,"Books, audio, subscription",,Expenses,Cash,CASH
2023-07-06,-5.0,Public Transport,,Expenses,Cash,CASH
2023-07-31,-1100.0,Realty,,Expenses,Cash,CASH
2023-08-01,-90.0,"Energy, utilities",,Expenses,Cash,CASH
2023-08-01,-550.0,Rent,,Expenses,Cash,CASH
2023-08-01,-30.0,"Active sport, fitness",,Expenses,Cash,CASH
2023-08-01,-130.0,"Active sport, fitness",,Expenses,Cash,CASH
2023-08-01,-10.0,"Software, apps, games",,Expenses,Cash,CASH
2023-08-05,-25.0,Food & Drinks,,Expenses,Cash,CASH
2023-08-25,-50.0,"Wellness, beauty",,Expenses,Cash,CASH
2023-09-01,-550.0,Rent,,Expenses,Cash,CASH
2023-09-01,-60.0,"Software, apps, games",,Expenses,Cash,CASH
2023-09-01,-65.0,"Energy, utilities",,Expenses,Cash,CASH
2023-09-01,-30.0,"Active sport, fitness",,Expenses,Cash,CASH
2023-09-14,-100.0,Furniture,,Expenses,Cash,CASH
2023-10-01,-550.0,Rent,,Expenses,Cash,CASH
2023-10-01,-65.0,"Energy, utilities",,Expenses,Cash,CASH
2023-10-01,-30.0,"Active sport, fitness",,Expenses,Cash,CASH
2023-10-01,-60.0,"Software, apps, games",,Expenses,Cash,CASH
2023-10-19,-92.0,"Pets, animals",,Expenses,Cash,CASH
2023-11-01,-65.0,"Energy, utilities",,Expenses,Cash,CASH
2023-11-01,-30.0,"Active sport, fitness",,Expenses,Cash,CASH
2023-11-01,-10.0,"Software, apps, games",,Expenses,Cash,CASH
2023-11-01,-550.0,Rent,,Expenses,Cash,CASH
2023-11-25,-110.0,"Books, audio, subscription",,Expenses,Cash,CASH
2023-12-01,-10.0,"Software, apps, games",,Expenses,Cash,CASH
2023-12-01,-550.0,Rent,,Expenses,Cash,CASH
2023-12-01,-65.0,"Energy, utilities",,Expenses,Cash,CASH
2023-12-03,-85.0,"Books, audio, subscription",,Expenses,Cash,CASH
2023-12-10,-55.0,"Books, audio, subscription",,Expenses,Cash,CASH
2024-01-01,0.0,"Energy, utilities",,Expenses,Cash,CASH
2024-01-01,-10.0,"Software, apps, games",,Expenses,Cash,CASH
2024-11-26,-200.0,Unknown Expense,"281BATM24332002M AC1 АТМ 200.00 BGN авт.код:406356-FIB_ATM_AFIB0417/SOFIA/PAN:5169****1763/CT:08,Операция с карта",Expenses,UniCredit Bulbank - 1522449108BGN,TRANSFER
